Workbook
Name Slicer_City: #N/A
Name Slicer_Gender: #N/A

Sheet EMPLOYEES
A1: Employee ID | B1: Employee Name | C1: Gender | D1: Department | E1: Designation | F1: Joining Date | G1: Date of Birth | H1: Basic Salary | I1: Bonus | J1: Attendance % | K1: Performance Score | L1: City | M1: Manager ID | N1: Total Salary | O1: Bonus Percentage | P1: Age | Q1: Experience | R1: Current year joined | S1: 5 years Experience | T1: Joining month | U1: Joining Year | V1: Working Days | W1: Firstname | X1: Lastname | Y1: Empolyee code | Z1: First 3 characters Dept name | AA1: Retrieve Manager Name using Manager ID | AB1: Retrieve Department Head using Manager ID. | AC1: Bonus Percentage based on employee's City. | AD1: Performance Score2 | AE1: Eligible for Bonus | AF1: High Performer or Low Performer | AG1: Experience2 | AH1: Attendance below 75%. | AI1: Blanks | AJ1: Salary values are numeric | AK1: Errors on Custom Message
A2: E01467 | B2: Neha Kulkarni | C2: Female | D2: HR | E2: Lead | F2: 42435 | G2: 33811 | H2: 119902 | I2: 29000 | J2: 77 | K2: 97 | L2: Chennai | M2: 117 | N2: =Table1[[#This Row],[Basic Salary]]+Table1[[#This Row],[Bonus]] -> 148902 | O2: =Table1[[#This Row],[Bonus]]/Table1[[#This Row],[Basic Salary]] -> 0.24186419 | P2: =DATEDIF(Table1[[#This Row],[Date of Birth]],TODAY(),"Y") -> 34 | Q2: =DATEDIF(Table1[[#This Row],[Joining Date]],TODAY(),"Y") -> 10 | R2: =IF(YEAR(Table1[[#This Row],[Joining Date]])=YEAR(TODAY()),"Yes","No") -> No | S2: =IF(Table1[[#This Row],[Experience]]>5,"Yes","No") -> Yes | T2: =TEXT(Table1[[#This Row],[Joining Date]],"mmmm") -> March | U2: =TEXT(Table1[[#This Row],[Joining Date]],"yyyy") -> 2016 | V2: =TODAY()-Table1[[#This Row],[Joining Date]] -> 3804 | W2: =LEFT(Table1[[#This Row],[Employee Name]],FIND(" ",Table1[[#This Row],[Employee Name]])-1) -> Neha | X2: =RIGHT(Table1[[#This Row],[Employee Name]],LEN(Table1[[#This Row],[Employee Name]])-FIND(" ",Table1[[#This Row],[Employee Name]])) -> Kulkarni | Y2: =Table1[[#This Row],[Department]]&"-"&Table1[[#This Row],[Employee ID]] -> HR-E01467 | Z2: =LEFT(Table1[[#This Row],[Department]],3) -> HR | AA2: =_xlfn.XLOOKUP(Table1[[#This Row],[Manager ID]],MANAGERS!A:A,MANAGERS!B:B) -> Manager_17 | AB2: {=_xlfn.XLOOKUP(Table1[[#This Row],[Manager ID]],Table2[[#All],[Manager ID]],Table2[[#All],[Department Head]])} -> Finance | AC2: =_xlfn.XLOOKUP(Table1[[#This Row],[City]],L:L,O:O) -> 0.24186419 | AD2: {=_xlfn.IFS(Table1[[#This Row],[Performance Score]]>=90,"Excellent",Table1[[#This Row],[Performance Score]]>=75,"Good",Table1[[#This Row],[Performance Score]]>=60,"Average",Table1[[#This Row],[Performance Score]]<=60,"Need Improvement")} -> Excellent | AE2: =IF(AND(Table1[[#This Row],[Attendance %]]>=80,(Table1[[#This Row],[Performance Score]]>=80)),"Eligible","Not Eligible") -> Not Eligible | AF2: =IF(Table1[[#This Row],[Performance Score]]>=80,"High Performer","Low Performer") -> High Performer | AG2: {=_xlfn.IFS(Table1[[#This Row],[Experience]]<=3,"Junior",Table1[[#This Row],[Experience]]<=7,"Mid Level",Table1[[#This Row],[Experience]]>=7,"Senior")} -> Senior | AH2: =IF(Table1[[#This Row],[Attendance %]]>75,"OK","Below 75") -> OK | AI2: =ISBLANK(Table1[[#This Row],[Employee ID]]) -> FALSE | AJ2: =ISNUMBER(Table1[[#This Row],[Total Salary ]]) -> TRUE | AK2: =IFERROR(_xlfn.XLOOKUP(Table1[[#This Row],[Manager ID]],MANAGERS!A:A,MANAGERS!B:B),"Not Found") -> Manager_17
A3: E03201 | B3: Ananya Rao | C3: Male | D3: Finance | E3: Senior Executive | F3: 44381 | G3: 36105 | H3: 119707 | I3: 28766 | J3: 88 | K3: 61 | L3: Kolkata | M3: 116 | N3: =Table1[[#This Row],[Basic Salary]]+Table1[[#This Row],[Bonus]] -> 148473 | O3: =Table1[[#This Row],[Bonus]]/Table1[[#This Row],[Basic Salary]] -> 0.24030341 | P3: =DATEDIF(Table1[[#This Row],[Date of Birth]],TODAY(),"Y") -> 27 | Q3: =DATEDIF(Table1[[#This Row],[Joining Date]],TODAY(),"Y") -> 5 | R3: =IF(YEAR(Table1[[#This Row],[Joining Date]])=YEAR(TODAY()),"Yes","No") -> No | S3: =IF(Table1[[#This Row],[Experience]]>5,"Yes","No") -> No | T3: =TEXT(Table1[[#This Row],[Joining Date]],"mmmm") -> July | U3: =TEXT(Table1[[#This Row],[Joining Date]],"yyyy") -> 2021 | V3: =TODAY()-Table1[[#This Row],[Joining Date]] -> 1858 | W3: =LEFT(Table1[[#This Row],[Employee Name]],FIND(" ",Table1[[#This Row],[Employee Name]])-1) -> Ananya | X3: =RIGHT(Table1[[#This Row],[Employee Name]],LEN(Table1[[#This Row],[Employee Name]])-FIND(" ",Table1[[#This Row],[Employee Name]])) -> Rao | Y3: =Table1[[#This Row],[Department]]&"-"&Table1[[#This Row],[Employee ID]] -> Finance-E03201 | Z3: =LEFT(Table1[[#This Row],[Department]],3) -> Fin | AA3: =_xlfn.XLOOKUP(Table1[[#This Row],[Manager ID]],MANAGERS!A:A,MANAGERS!B:B) -> Manager_16 | AB3: {=_xlfn.XLOOKUP(Table1[[#This Row],[Manager ID]],Table2[[#All],[Manager ID]],Table2[[#All],[Department Head]])} -> Sales | AC3: =_xlfn.XLOOKUP(Table1[[#This Row],[City]],L:L,O:O) -> 0.24030341 | AD3: {=_xlfn.IFS(Table1[[#This Row],[Performance Score]]>=90,"Excellent",Table1[[#This Row],[Performance Score]]>=75,"Good",Table1[[#This Row],[Performance Score]]>=60,"Average",Table1[[#This Row],[Performance Score]]<=60,"Need Improvement")} -> Average | AE3: =IF(AND(Table1[[#This Row],[Attendance %]]>=80,(Table1[[#This Row],[Performance Score]]>=80)),"Eligible","Not Eligible") -> Not Eligible | AF3: =IF(Table1[[#This Row],[Performance Score]]>=80,"High Performer","Low Performer") -> Low Performer | AG3: {=_xlfn.IFS(Table1[[#This Row],[Experience]]<=3,"Junior",Table1[[#This Row],[Experience]]<=7,"Mid Level",Table1[[#This Row],[Experience]]>=7,"Senior")} -> Mid Level | AH3: =IF(Table1[[#This Row],[Attendance %]]>75,"OK","Below 75") -> OK | AI3: =ISBLANK(Table1[[#This Row],[Employee ID]]) -> FALSE | AJ3: =ISNUMBER(Table1[[#This Row],[Total Salary ]]) -> TRUE | AK3: =IFERROR(_xlfn.XLOOKUP(Table1[[#This Row],[Manager ID]],MANAGERS!A:A,MANAGERS!B:B),"Not Found") -> Manager_16
A4: E01802 | B4: Aarav Sharma | C4: Male | D4: IT | E4: Lead | F4: 42539 | G4: 35254 | H4: 119666 | I4: 28764 | J4: 93 | K4: 67 | L4: Bangalore | M4: 104 | N4: =Table1[[#This Row],[Basic Salary]]+Table1[[#This Row],[Bonus]] -> 148430 | O4: =Table1[[#This Row],[Bonus]]/Table1[[#This Row],[Basic Salary]] -> 0.24036903 | P4: =DATEDIF(Table1[[#This Row],[Date of Birth]],TODAY(),"Y") -> 30 | Q4: =DATEDIF(Table1[[#This Row],[Joining Date]],TODAY(),"Y") -> 10 | R4: =IF(YEAR(Table1[[#This Row],[Joining Date]])=YEAR(TODAY()),"Yes","No") -> No | S4: =IF(Table1[[#This Row],[Experience]]>5,"Yes","No") -> Yes | T4: =TEXT(Table1[[#This Row],[Joining Date]],"mmmm") -> June | U4: =TEXT(Table1[[#This Row],[Joining Date]],"yyyy") -> 2016 | V4: =TODAY()-Table1[[#This Row],[Joining Date]] -> 3700 | W4: =LEFT(Table1[[#This Row],[Employee Name]],FIND(" ",Table1[[#This Row],[Employee Name]])-1) -> Aarav | X4: =RIGHT(Table1[[#This Row],[Employee Name]],LEN(Table1[[#This Row],[Employee Name]])-FIND(" ",Table1[[#This Row],[Employee Name]])) -> Sharma | Y4: =Table1[[#This Row],[Department]]&"-"&Table1[[#This Row],[Employee ID]] -> IT-E01802 | Z4: =LEFT(Table1[[#This Row],[Department]],3) -> IT | AA4: =_xlfn.XLOOKUP(Table1[[#This Row],[Manager ID]],MANAGERS!A:A,MANAGERS!B:B) -> Manager_4 | AB4: {=_xlfn.XLOOKUP(Table1[[#This Row],[Manager ID]],Table2[[#All],[Manager ID]],Table2[[#All],[Department Head]])} -> Finance | AC4: =_xlfn.XLOOKUP(Table1[[#This Row],[City]],L:L,O:O) -> 0.24036903 | AD4: {=_xlfn.IFS(Table1[[#This Row],[Performance Score]]>=90,"Excellent",Table1[[#This Row],[Performance Score]]>=75,"Good",Table1[[#This Row],[Performance Score]]>=60,"Average",Table1[[#This Row],[Performance Score]]<=60,"Need Improvement")} -> Average | AE4: =IF(AND(Table1[[#This Row],[Attendance %]]>=80,(Table1[[#This Row],[Performance Score]]>=80)),"Eligible","Not Eligible") -> Not Eligible | AF4: =IF(Table1[[#This Row],[Performance Score]]>=80,"High Performer","Low Performer") -> Low Performer | AG4: {=_xlfn.IFS(Table1[[#This Row],[Experience]]<=3,"Junior",Table1[[#This Row],[Experience]]<=7,"Mid Level",Table1[[#This Row],[Experience]]>=7,"Senior")} -> Senior | AH4: =IF(Table1[[#This Row],[Attendance %]]>75,"OK","Below 75") -> OK | AI4: =ISBLANK(Table1[[#This Row],[Employee ID]]) -> FALSE | AJ4: =ISNUMBER(Table1[[#This Row],[Total Salary ]]) -> TRUE | AK4: =IFERROR(_xlfn.XLOOKUP(Table1[[#This Row],[Manager ID]],MANAGERS!A:A,MANAGERS!B:B),"Not Found") -> Manager_4
A5: E00927 | B5: Pooja Das | C5: Female | D5: Finance | E5: Lead | F5: 44479 | G5: 31479 | H5: 118871 | I5: 29242 | J5: 94 | K5: 98 | L5: Chennai | M5: 101 | N5: =Table1[[#This Row],[Basic Salary]]+Table1[[#This Row],[Bonus]] -> 148113 | O5: =Table1[[#This Row],[Bonus]]/Table1[[#This Row],[Basic Salary]] -> 0.24599776 | P5: =DATEDIF(Table1[[#This Row],[Date of Birth]],TODAY(),"Y") -> 40 | Q5: =DATEDIF(Table1[[#This Row],[Joining Date]],TODAY(),"Y") -> 4 | R5: =IF(YEAR(Table1[[#This Row],[Joining Date]])=YEAR(TODAY()),"Yes","No") -> No | S5: =IF(Table1[[#This Row],[Experience]]>5,"Yes","No") -> No | T5: =TEXT(Table1[[#This Row],[Joining Date]],"mmmm") -> October | U5: =TEXT(Table1[[#This Row],[Joining Date]],"yyyy") -> 2021 | V5: =TODAY()-Table1[[#This Row],[Joining Date]] -> 1760 | W5: =LEFT(Table1[[#This Row],[Employee Name]],FIND(" ",Table1[[#This Row],[Employee Name]])-1) -> Pooja | X5: =RIGHT(Table1[[#This Row],[Employee Name]],LEN(Table1[[#This Row],[Employee Name]])-FIND(" ",Table1[[#This Row],[Employee Name]])) -> Das | Y5: =Table1[[#This Row],[Department]]&"-"&Table1[[#This Row],[Employee ID]] -> Finance-E00927 | Z5: =LEFT(Table1[[#This Row],[Department]],3) -> Fin | AA5: =_xlfn.XLOOKUP(Table1[[#This Row],[Manager ID]],MANAGERS!A:A,MANAGERS!B:B) -> Manager_1 | AB5: {=_xlfn.XLOOKUP(Table1[[#This Row],[Manager ID]],Table2[[#All],[Manager ID]],Table2[[#All],[Department Head]])} -> Support | AC5: =_xlfn.XLOOKUP(Table1[[#This Row],[City]],L:L,O:O) -> 0.24186419 | AD5: {=_xlfn.IFS(Table1[[#This Row],[Performance Score]]>=90,"Excellent",Table1[[#This Row],[Performance Score]]>=75,"Good",Table1[[#This Row],[Performance Score]]>=60,"Average",Table1[[#This Row],[Performance Score]]<=60,"Need Improvement")} -> Excellent | AE5: =IF(AND(Table1[[#This Row],[Attendance %]]>=80,(Table1[[#This Row],[Performance Score]]>=80)),"Eligible","Not Eligible") -> Eligible | AF5: =IF(Table1[[#This Row],[Performance Score]]>=80,"High Performer","Low Performer") -> High Performer | AG5: {=_xlfn.IFS(Table1[[#This Row],[Experience]]<=3,"Junior",Table1[[#This Row],[Experience]]<=7,"Mid Level",Table1[[#This Row],[Experience]]>=7,"Senior")} -> Mid Level | AH5: =IF(Table1[[#This Row],[Attendance %]]>75,"OK","Below 75") -> OK | AI5: =ISBLANK(Table1[[#This Row],[Employee ID]]) -> FALSE | AJ5: =ISNUMBER(Table1[[#This Row],[Total Salary ]]) -> TRUE | AK5: =IFERROR(_xlfn.XLOOKUP(Table1[[#This Row],[Manager ID]],MANAGERS!A:A,MANAGERS!B:B),"Not Found") -> Manager_1
A6: E03044 | B6: Ananya Rao | C6: Female | D6: Sales | E6: Senior Executive | F6: 42191 | G6: 31444 | H6: 118314 | I6: 29556 | J6: 76 | K6: 97 | L6: Bangalore | M6: 118 | N6: =Table1[[#This Row],[Basic Salary]]+Table1[[#This Row],[Bonus]] -> 147870 | O6: =Table1[[#This Row],[Bonus]]/Table1[[#This Row],[Basic Salary]] -> 0.24980983 | P6: =DATEDIF(Table1[[#This Row],[Date of Birth]],TODAY(),"Y") -> 40 | Q6: =DATEDIF(Table1[[#This Row],[Joining Date]],TODAY(),"Y") -> 11 | R6: =IF(YEAR(Table1[[#This Row],[Joining Date]])=YEAR(TODAY()),"Yes","No") -> No | S6: =IF(Table1[[#This Row],[Experience]]>5,"Yes","No") -> Yes | T6: =TEXT(Table1[[#This Row],[Joining Date]],"mmmm") -> July | U6: =TEXT(Table1[[#This Row],[Joining Date]],"yyyy") -> 2015 | V6: =TODAY()-Table1[[#This Row],[Joining Date]] -> 4048 | W6: =LEFT(Table1[[#This Row],[Employee Name]],FIND(" ",Table1[[#This Row],[Employee Name]])-1) -> Ananya | X6: =RIGHT(Table1[[#This Row],[Employee Name]],LEN(Table1[[#This Row],[Employee Name]])-FIND(" ",Table1[[#This Row],[Employee Name]])) -> Rao | Y6: =Table1[[#This Row],[Department]]&"-"&Table1[[#This Row],[Employee ID]] -> Sales-E03044 | Z6: =LEFT(Table1[[#This Row],[Department]],3) -> Sal | AA6: =_xlfn.XLOOKUP(Table1[[#This Row],[Manager ID]],MANAGERS!A:A,MANAGERS!B:B) -> Manager_18 | AB6: {=_xlfn.XLOOKUP(Table1[[#This Row],[Manager ID]],Table2[[#All],[Manager ID]],Table2[[#All],[Department Head]])} -> Support | AC6: =_xlfn.XLOOKUP(Table1[[#This Row],[City]],L:L,O:O) -> 0.24036903 | AD6: {=_xlfn.IFS(Table1[[#This Row],[Performance Score]]>=90,"Excellent",Table1[[#This Row],[Performance Score]]>=75,"Good",Table1[[#This Row],[Performance Score]]>=60,"Average",Table1[[#This Row],[Performance Score]]<=60,"Need Improvement")} -> Excellent | AE6: =IF(AND(Table1[[#This Row],[Attendance %]]>=80,(Table1[[#This Row],[Performance Score]]>=80)),"Eligible","Not Eligible") -> Not Eligible | AF6: =IF(Table1[[#This Row],[Performance Score]]>=80,"High Performer","Low Performer") -> High Performer | AG6: {=_xlfn.IFS(Table1[[#This Row],[Experience]]<=3,"Junior",Table1[[#This Row],[Experience]]<=7,"Mid Level",Table1[[#This Row],[Experience]]>=7,"Senior")} -> Senior | AH6: =IF(Table1[[#This Row],[Attendance %]]>75,"OK","Below 75") -> OK | AI6: =ISBLANK(Table1[[#This Row],[Employee ID]]) -> FALSE | AJ6: =ISNUMBER(Table1[[#This Row],[Total Salary ]]) -> TRUE | AK6: =IFERROR(_xlfn.XLOOKUP(Table1[[#This Row],[Manager ID]],MANAGERS!A:A,MANAGERS!B:B),"Not Found") -> Manager_18
A7: E01922 | B7: Swathi Ramesh | C7: Female | D7: Sales | E7: Lead | F7: 42867 | G7: 40580 | H7: 119639 | I7: 28099 | J7: 83 | K7: 82 | L7: Delhi | M7: 112 | N7: =Table1[[#This Row],[Basic Salary]]+Table1[[#This Row],[Bonus]] -> 147738 | O7: =Table1[[#This Row],[Bonus]]/Table1[[#This Row],[Basic Salary]] -> 0.23486489 | P7: =DATEDIF(Table1[[#This Row],[Date of Birth]],TODAY(),"Y") -> 15 | Q7: =DATEDIF(Table1[[#This Row],[Joining Date]],TODAY(),"Y") -> 9 | R7: =IF(YEAR(Table1[[#This Row],[Joining Date]])=YEAR(TODAY()),"Yes","No") -> No | S7: =IF(Table1[[#This Row],[Experience]]>5,"Yes","No") -> Yes | T7: =TEXT(Table1[[#This Row],[Joining Date]],"mmmm") -> May | U7: =TEXT(Table1[[#This Row],[Joining Date]],"yyyy") -> 2017 | V7: =TODAY()-Table1[[#This Row],[Joining Date]] -> 3372 | W7: =LEFT(Table1[[#This Row],[Employee Name]],FIND(" ",Table1[[#This Row],[Employee Name]])-1) -> Swathi | X7: =RIGHT(Table1[[#This Row],[Employee Name]],LEN(Table1[[#This Row],[Employee Name]])-FIND(" ",Table1[[#This Row],[Employee Name]])) -> Ramesh | Y7: =Table1[[#This Row],[Department]]&"-"&Table1[[#This Row],[Employee ID]] -> Sales-E01922 | Z7: =LEFT(Table1[[#This Row],[Department]],3) -> Sal | AA7: =_xlfn.XLOOKUP(Table1[[#This Row],[Manager ID]],MANAGERS!A:A,MANAGERS!B:B) -> Manager_12 | AB7: {=_xlfn.XLOOKUP(Table1[[#This Row],[Manager ID]],Table2[[#All],[Manager ID]],Table2[[#All],[Department Head]])} -> Marketing | AC7: =_xlfn.XLOOKUP(Table1[[#This Row],[City]],L:L,O:O) -> 0.23486489 | AD7: {=_xlfn.IFS(Table1[[#This Row],[Performance Score]]>=90,"Excellent",Table1[[#This Row],[Performance Score]]>=75,"Good",Table1[[#This Row],[Performance Score]]>=60,"Average",Table1[[#This Row],[Performance Score]]<=60,"Need Improvement")} -> Good | AE7: =IF(AND(Table1[[#This Row],[Attendance %]]>=80,(Table1[[#This Row],[Performance Score]]>=80)),"Eligible","Not Eligible") -> Eligible | AF7: =IF(Table1[[#This Row],[Performance Score]]>=80,"High Performer","Low Performer") -> High Performer | AG7: {=_xlfn.IFS(Table1[[#This Row],[Experience]]<=3,"Junior",Table1[[#This Row],[Experience]]<=7,"Mid Level",Table1[[#This Row],[Experience]]>=7,"Senior")} -> Senior | AH7: =IF(Table1[[#This Row],[Attendance %]]>75,"OK","Below 75") -> OK | AI7: =ISBLANK(Table1[[#This Row],[Employee ID]]) -> FALSE | AJ7: =ISNUMBER(Table1[[#This Row],[Total Salary ]]) -> TRUE | AK7: =IFERROR(_xlfn.XLOOKUP(Table1[[#This Row],[Manager ID]],MANAGERS!A:A,MANAGERS!B:B),"Not Found") -> Manager_12
A8: E03185 | B8: Karan Malhotra | C8: Female | D8: Support | E8: Manager | F8: 42140 | G8: 38470 | H8: 119282 | I8: 28253 | J8: 91 | K8: 81 | L8: Hyderabad | M8: 108 | N8: =Table1[[#This Row],[Basic Salary]]+Table1[[#This Row],[Bonus]] -> 147535 | O8: =Table1[[#This Row],[Bonus]]/Table1[[#This Row],[Basic Salary]] -> 0.23685887 | P8: =DATEDIF(Table1[[#This Row],[Date of Birth]],TODAY(),"Y") -> 21 | Q8: =DATEDIF(Table1[[#This Row],[Joining Date]],TODAY(),"Y") -> 11 | R8: =IF(YEAR(Table1[[#This Row],[Joining Date]])=YEAR(TODAY()),"Yes","No") -> No | S8: =IF(Table1[[#This Row],[Experience]]>5,"Yes","No") -> Yes | T8: =TEXT(Table1[[#This Row],[Joining Date]],"mmmm") -> May | U8: =TEXT(Table1[[#This Row],[Joining Date]],"yyyy") -> 2015 | V8: =TODAY()-Table1[[#This Row],[Joining Date]] -> 4099 | W8: =LEFT(Table1[[#This Row],[Employee Name]],FIND(" ",Table1[[#This Row],[Employee Name]])-1) -> Karan | X8: =RIGHT(Table1[[#This Row],[Employee Name]],LEN(Table1[[#This Row],[Employee Name]])-FIND(" ",Table1[[#This Row],[Employee Name]])) -> Malhotra | Y8: =Table1[[#This Row],[Department]]&"-"&Table1[[#This Row],[Employee ID]] -> Support-E03185 | Z8: =LEFT(Table1[[#This Row],[Department]],3) -> Sup | AA8: =_xlfn.XLOOKUP(Table1[[#This Row],[Manager ID]],MANAGERS!A:A,MANAGERS!B:B) -> Manager_8 | AB8: {=_xlfn.XLOOKUP(Table1[[#This Row],[Manager ID]],Table2[[#All],[Manager ID]],Table2[[#All],[Department Head]])} -> Sales | AC8: =_xlfn.XLOOKUP(Table1[[#This Row],[City]],L:L,O:O) -> 0.23685887 | AD8: {=_xlfn.IFS(Table1[[#This Row],[Performance Score]]>=90,"Excellent",Table1[[#This Row],[Performance Score]]>=75,"Good",Table1[[#This Row],[Performance Score]]>=60,"Average",Table1[[#This Row],[Performance Score]]<=60,"Need Improvement")} -> Good | AE8: =IF(AND(Table1[[#This Row],[Attendance %]]>=80,(Table1[[#This Row],[Performance Score]]>=80)),"Eligible","Not Eligible") -> Eligible | AF8: =IF(Table1[[#This Row],[Performance Score]]>=80,"High Performer","Low Performer") -> High Performer | AG8: {=_xlfn.IFS(Table1[[#This Row],[Experience]]<=3,"Junior",Table1[[#This Row],[Experience]]<=7,"Mid Level",Table1[[#This Row],[Experience]]>=7,"Senior")} -> Senior | AH8: =IF(Table1[[#This Row],[Attendance %]]>75,"OK","Below 75") -> OK | AI8: =ISBLANK(Table1[[#This Row],[Employee ID]]) -> FALSE | AJ8: =ISNUMBER(Table1[[#This Row],[Total Salary ]]) -> TRUE | AK8: =IFERROR(_xlfn.XLOOKUP(Table1[[#This Row],[Manager ID]],MANAGERS!A:A,MANAGERS!B:B),"Not Found") -> Manager_8
A9: E01420 | B9: Aarav Sharma | C9: Male | D9: Support | E9: Analyst | F9: 45571 | G9: 40677 | H9: 118244 | I9: 29217 | J9: 80 | K9: 94 | L9: Chennai | M9: 115 | N9: =Table1[[#This Row],[Basic Salary]]+Table1[[#This Row],[Bonus]] -> 147461 | O9: =Table1[[#This Row],[Bonus]]/Table1[[#This Row],[Basic Salary]] -> 0.24709076 | P9: =DATEDIF(Table1[[#This Row],[Date of Birth]],TODAY(),"Y") -> 15 | Q9: =DATEDIF(Table1[[#This Row],[Joining Date]],TODAY(),"Y") -> 1 | R9: =IF(YEAR(Table1[[#This Row],[Joining Date]])=YEAR(TODAY()),"Yes","No") -> No | S9: =IF(Table1[[#This Row],[Experience]]>5,"Yes","No") -> No | T9: =TEXT(Table1[[#This Row],[Joining Date]],"mmmm") -> October | U9: =TEXT(Table1[[#This Row],[Joining Date]],"yyyy") -> 2024 | V9: =TODAY()-Table1[[#This Row],[Joining Date]] -> 668 | W9: =LEFT(Table1[[#This Row],[Employee Name]],FIND(" ",Table1[[#This Row],[Employee Name]])-1) -> Aarav | X9: =RIGHT(Table1[[#This Row],[Employee Name]],LEN(Table1[[#This Row],[Employee Name]])-FIND(" ",Table1[[#This Row],[Employee Name]])) -> Sharma | Y9: =Table1[[#This Row],[Department]]&"-"&Table1[[#This Row],[Employee ID]] -> Support-E01420 | Z9: =LEFT(Table1[[#This Row],[Department]],3) -> Sup | AA9: =_xlfn.XLOOKUP(Table1[[#This Row],[Manager ID]],MANAGERS!A:A,MANAGERS!B:B) -> Manager_15 | AB9: {=_xlfn.XLOOKUP(Table1[[#This Row],[Manager ID]],Table2[[#All],[Manager ID]],Table2[[#All],[Department Head]])} -> Support | AC9: =_xlfn.XLOOKUP(Table1[[#This Row],[City]],L:L,O:O) -> 0.24186419 | AD9: {=_xlfn.IFS(Table1[[#This Row],[Performance Score]]>=90,"Excellent",Table1[[#This Row],[Performance Score]]>=75,"Good",Table1[[#This Row],[Performance Score]]>=60,"Average",Table1[[#This Row],[Performance Score]]<=60,"Need Improvement")} -> Excellent | AE9: =IF(AND(Table1[[#This Row],[Attendance %]]>=80,(Table1[[#This Row],[Performance Score]]>=80)),"Eligible","Not Eligible") -> Eligible | AF9: =IF(Table1[[#This Row],[Performance Score]]>=80,"High Performer","Low Performer") -> High Performer | AG9: {=_xlfn.IFS(Table1[[#This Row],[Experience]]<=3,"Junior",Table1[[#This Row],[Experience]]<=7,"Mid Level",Table1[[#This Row],[Experience]]>=7,"Senior")} -> Junior | AH9: =IF(Table1[[#This Row],[Attendance %]]>75,"OK","Below 75") -> OK | AI9: =ISBLANK(Table1[[#This Row],[Employee ID]]) -> FALSE | AJ9: =ISNUMBER(Table1[[#This Row],[Total Salary ]]) -> TRUE | AK9: =IFERROR(_xlfn.XLOOKUP(Table1[[#This Row],[Manager ID]],MANAGERS!A:A,MANAGERS!B:B),"Not Found") -> Manager_15
A10: E04768 | B10: Aarav Sharma | C10: Male | D10: Marketing | E10: Associate | F10: 43429 | G10: 31037 | H10: 118108 | I10: 29333 | J10: 94 | K10: 96 | L10: Hyderabad | M10: 101 | N10: =Table1[[#This Row],[Basic Salary]]+Table1[[#This Row],[Bonus]] -> 147441 | O10: =Table1[[#This Row],[Bonus]]/Table1[[#This Row],[Basic Salary]] -> 0.24835744 | P10: =DATEDIF(Table1[[#This Row],[Date of Birth]],TODAY(),"Y") -> 41 | Q10: =DATEDIF(Table1[[#This Row],[Joining Date]],TODAY(),"Y") -> 7 | R10: =IF(YEAR(Table1[[#This Row],[Joining Date]])=YEAR(TODAY()),"Yes","No") -> No | S10: =IF(Table1[[#This Row],[Experience]]>5,"Yes","No") -> Yes | T10: =TEXT(Table1[[#This Row],[Joining Date]],"mmmm") -> November | U10: =TEXT(Table1[[#This Row],[Joining Date]],"yyyy") -> 2018 | V10: =TODAY()-Table1[[#This Row],[Joining Date]] -> 2810 | W10: =LEFT(Table1[[#This Row],[Employee Name]],FIND(" ",Table1[[#This Row],[Employee Name]])-1) -> Aarav | X10: =RIGHT(Table1[[#This Row],[Employee Name]],LEN(Table1[[#This Row],[Employee Name]])-FIND(" ",Table1[[#This Row],[Employee Name]])) -> Sharma | Y10: =Table1[[#This Row],[Department]]&"-"&Table1[[#This Row],[Employee ID]] -> Marketing-E04768 | Z10: =LEFT(Table1[[#This Row],[Department]],3) -> Mar | AA10: =_xlfn.XLOOKUP(Table1[[#This Row],[Manager ID]],MANAGERS!A:A,MANAGERS!B:B) -> Manager_1 | AB10: {=_xlfn.XLOOKUP(Table1[[#This Row],[Manager ID]],Table2[[#All],[Manager ID]],Table2[[#All],[Department Head]])} -> Support | AC10: =_xlfn.XLOOKUP(Table1[[#This Row],[City]],L:L,O:O) -> 0.23685887 | AD10: {=_xlfn.IFS(Table1[[#This Row],[Performance Score]]>=90,"Excellent",Table1[[#This Row],[Performance Score]]>=75,"Good",Table1[[#This Row],[Performance Score]]>=60,"Average",Table1[[#This Row],[Performance Score]]<=60,"Need Improvement")} -> Excellent | AE10: =IF(AND(Table1[[#This Row],[Attendance %]]>=80,(Table1[[#This Row],[Performance Score]]>=80)),"Eligible","Not Eligible") -> Eligible | AF10: =IF(Table1[[#This Row],[Performance Score]]>=80,"High Performer","Low Performer") -> High Performer | AG10: {=_xlfn.IFS(Table1[[#This Row],[Experience]]<=3,"Junior",Table1[[#This Row],[Experience]]<=7,"Mid Level",Table1[[#This Row],[Experience]]>=7,"Senior")} -> Mid Level | AH10: =IF(Table1[[#This Row],[Attendance %]]>75,"OK","Below 75") -> OK | AI10: =ISBLANK(Table1[[#This Row],[Employee ID]]) -> FALSE | AJ10: =ISNUMBER(Table1[[#This Row],[Total Salary ]]) -> TRUE | AK10: =IFERROR(_xlfn.XLOOKUP(Table1[[#This Row],[Manager ID]],MANAGERS!A:A,MANAGERS!B:B),"Not Found") -> Manager_1
A11: E01274 | B11: Ishita Roy | C11: Male | D11: Support | E11: Associate | F11: 43213 | G11: 31016 | H11: 118880 | I11: 28144 | J11: 67 | K11: 68 | L11: Mumbai | M11: 116 | N11: =Table1[[#This Row],[Basic Salary]]+Table1[[#This Row],[Bonus]] -> 147024 | O11: =Table1[[#This Row],[Bonus]]/Table1[[#This Row],[Basic Salary]] -> 0.23674293 | P11: =DATEDIF(Table1[[#This Row],[Date of Birth]],TODAY(),"Y") -> 41 | Q11: =DATEDIF(Table1[[#This Row],[Joining Date]],TODAY(),"Y") -> 8 | R11: =IF(YEAR(Table1[[#This Row],[Joining Date]])=YEAR(TODAY()),"Yes","No") -> No | S11: =IF(Table1[[#This Row],[Experience]]>5,"Yes","No") -> Yes | T11: =TEXT(Table1[[#This Row],[Joining Date]],"mmmm") -> April | U11: =TEXT(Table1[[#This Row],[Joining Date]],"yyyy") -> 2018 | V11: =TODAY()-Table1[[#This Row],[Joining Date]] -> 3026 | W11: =LEFT(Table1[[#This Row],[Employee Name]],FIND(" ",Table1[[#This Row],[Employee Name]])-1) -> Ishita | X11: =RIGHT(Table1[[#This Row],[Employee Name]],LEN(Table1[[#This Row],[Employee Name]])-FIND(" ",Table1[[#This Row],[Employee Name]])) -> Roy | Y11: =Table1[[#This Row],[Department]]&"-"&Table1[[#This Row],[Employee ID]] -> Support-E01274 | Z11: =LEFT(Table1[[#This Row],[Department]],3) -> Sup | AA11: =_xlfn.XLOOKUP(Table1[[#This Row],[Manager ID]],MANAGERS!A:A,MANAGERS!B:B) -> Manager_16 | AB11: {=_xlfn.XLOOKUP(Table1[[#This Row],[Manager ID]],Table2[[#All],[Manager ID]],Table2[[#All],[Department Head]])} -> Sales | AC11: =_xlfn.XLOOKUP(Table1[[#This Row],[City]],L:L,O:O) -> 0.23674293 | AD11: {=_xlfn.IFS(Table1[[#This Row],[Performance Score]]>=90,"Excellent",Table1[[#This Row],[Performance Score]]>=75,"Good",Table1[[#This Row],[Performance Score]]>=60,"Average",Table1[[#This Row],[Performance Score]]<=60,"Need Improvement")} -> Average | AE11: =IF(AND(Table1[[#This Row],[Attendance %]]>=80,(Table1[[#This Row],[Performance Score]]>=80)),"Eligible","Not Eligible") -> Not Eligible | AF11: =IF(Table1[[#This Row],[Performance Score]]>=80,"High Performer","Low Performer") -> Low Performer | AG11: {=_xlfn.IFS(Table1[[#This Row],[Experience]]<=3,"Junior",Table1[[#This Row],[Experience]]<=7,"Mid Level",Table1[[#This Row],[Experience]]>=7,"Senior")} -> Senior | AH11: =IF(Table1[[#This Row],[Attendance %]]>75,"OK","Below 75") -> Below 75 | AI11: =ISBLANK(Table1[[#This Row],[Employee ID]]) -> FALSE | AJ11: =ISNUMBER(Table1[[#This Row],[Total Salary ]]) -> TRUE | AK11: =IFERROR(_xlfn.XLOOKUP(Table1[[#This Row],[Manager ID]],MANAGERS!A:A,MANAGERS!B:B),"Not Found") -> Manager_16
A12: E00390 | B12: Aarav Sharma | C12: Male | D12: Sales | E12: Manager | F12: 45302 | G12: 34225 | H12: 118420 | I12: 28244 | J12: 77 | K12: 67 | L12: Mumbai | M12: 112 | N12: =Table1[[#This Row],[Basic Salary]]+Table1[[#This Row],[Bonus]] -> 146664 | O12: =Table1[[#This Row],[Bonus]]/Table1[[#This Row],[Basic Salary]] -> 0.23850701 | P12: =DATEDIF(Table1[[#This Row],[Date of Birth]],TODAY(),"Y") -> 32 | Q12: =DATEDIF(Table1[[#This Row],[Joining Date]],TODAY(),"Y") -> 2 | R12: =IF(YEAR(Table1[[#This Row],[Joining Date]])=YEAR(TODAY()),"Yes","No") -> No | S12: =IF(Table1[[#This Row],[Experience]]>5,"Yes","No") -> No | T12: =TEXT(Table1[[#This Row],[Joining Date]],"mmmm") -> January | U12: =TEXT(Table1[[#This Row],[Joining Date]],"yyyy") -> 2024 | V12: =TODAY()-Table1[[#This Row],[Joining Date]] -> 937 | W12: =LEFT(Table1[[#This Row],[Employee Name]],FIND(" ",Table1[[#This Row],[Employee Name]])-1) -> Aarav | X12: =RIGHT(Table1[[#This Row],[Employee Name]],LEN(Table1[[#This Row],[Employee Name]])-FIND(" ",Table1[[#This Row],[Employee Name]])) -> Sharma | Y12: =Table1[[#This Row],[Department]]&"-"&Table1[[#This Row],[Employee ID]] -> Sales-E00390 | Z12: =LEFT(Table1[[#This Row],[Department]],3) -> Sal | AA12: =_xlfn.XLOOKUP(Table1[[#This Row],[Manager ID]],MANAGERS!A:A,MANAGERS!B:B) -> Manager_12 | AB12: {=_xlfn.XLOOKUP(Table1[[#This Row],[Manager ID]],Table2[[#All],[Manager ID]],Table2[[#All],[Department Head]])} -> Marketing | AC12: =_xlfn.XLOOKUP(Table1[[#This Row],[City]],L:L,O:O) -> 0.23674293 | AD12: {=_xlfn.IFS(Table1[[#This Row],[Performance Score]]>=90,"Excellent",Table1[[#This Row],[Performance Score]]>=75,"Good",Table1[[#This Row],[Performance Score]]>=60,"Average",Table1[[#This Row],[Performance Score]]<=60,"Need Improvement")} -> Average | AE12: =IF(AND(Table1[[#This Row],[Attendance %]]>=80,(Table1[[#This Row],[Performance Score]]>=80)),"Eligible","Not Eligible") -> Not Eligible | AF12: =IF(Table1[[#This Row],[Performance Score]]>=80,"High Performer","Low Performer") -> Low Performer | AG12: {=_xlfn.IFS(Table1[[#This Row],[Experience]]<=3,"Junior",Table1[[#This Row],[Experience]]<=7,"Mid Level",Table1[[#This Row],[Experience]]>=7,"Senior")} -> Junior | AH12: =IF(Table1[[#This Row],[Attendance %]]>75,"OK","Below 75") -> OK | AI12: =ISBLANK(Table1[[#This Row],[Employee ID]]) -> FALSE | AJ12: =ISNUMBER(Table1[[#This Row],[Total Salary ]]) -> TRUE | AK12: =IFERROR(_xlfn.XLOOKUP(Table1[[#This Row],[Manager ID]],MANAGERS!A:A,MANAGERS!B:B),"Not Found") -> Manager_12
A13: E03589 | B13: Tarun Verma | C13: Male | D13: Operations | E13: Lead | F13: 44102 | G13: 36051 | H13: 118532 | I13: 28103 | J13: 87 | K13: 88 | L13: Kolkata | M13: 119 | N13: =Table1[[#This Row],[Basic Salary]]+Table1[[#This Row],[Bonus]] -> 146635 | O13: =Table1[[#This Row],[Bonus]]/Table1[[#This Row],[Basic Salary]] -> 0.23709209 | P13: =DATEDIF(Table1[[#This Row],[Date of Birth]],TODAY(),"Y") -> 27 | Q13: =DATEDIF(Table1[[#This Row],[Joining Date]],TODAY(),"Y") -> 5 | R13: =IF(YEAR(Table1[[#This Row],[Joining Date]])=YEAR(TODAY()),"Yes","No") -> No | S13: =IF(Table1[[#This Row],[Experience]]>5,"Yes","No") -> No | T13: =TEXT(Table1[[#This Row],[Joining Date]],"mmmm") -> September | U13: =TEXT(Table1[[#This Row],[Joining Date]],"yyyy") -> 2020 | V13: =TODAY()-Table1[[#This Row],[Joining Date]] -> 2137 | W13: =LEFT(Table1[[#This Row],[Employee Name]],FIND(" ",Table1[[#This Row],[Employee Name]])-1) -> Tarun | X13: =RIGHT(Table1[[#This Row],[Employee Name]],LEN(Table1[[#This Row],[Employee Name]])-FIND(" ",Table1[[#This Row],[Employee Name]])) -> Verma | Y13: =Table1[[#This Row],[Department]]&"-"&Table1[[#This Row],[Employee ID]] -> Operations-E03589 | Z13: =LEFT(Table1[[#This Row],[Department]],3) -> Ope | AA13: =_xlfn.XLOOKUP(Table1[[#This Row],[Manager ID]],MANAGERS!A:A,MANAGERS!B:B) -> Manager_19 | AB13: {=_xlfn.XLOOKUP(Table1[[#This Row],[Manager ID]],Table2[[#All],[Manager ID]],Table2[[#All],[Department Head]])} -> Support | AC13: =_xlfn.XLOOKUP(Table1[[#This Row],[City]],L:L,O:O) -> 0.24030341 | AD13: {=_xlfn.IFS(Table1[[#This Row],[Performance Score]]>=90,"Excellent",Table1[[#This Row],[Performance Score]]>=75,"Good",Table1[[#This Row],[Performance Score]]>=60,"Average",Table1[[#This Row],[Performance Score]]<=60,"Need Improvement")} -> Good | AE13: =IF(AND(Table1[[#This Row],[Attendance %]]>=80,(Table1[[#This Row],[Performance Score]]>=80)),"Eligible","Not Eligible") -> Eligible | AF13: =IF(Table1[[#This Row],[Performance Score]]>=80,"High Performer","Low Performer") -> High Performer | AG13: {=_xlfn.IFS(Table1[[#This Row],[Experience]]<=3,"Junior",Table1[[#This Row],[Experience]]<=7,"Mid Level",Table1[[#This Row],[Experience]]>=7,"Senior")} -> Mid Level | AH13: =IF(Table1[[#This Row],[Attendance %]]>75,"OK","Below 75") -> OK | AI13: =ISBLANK(Table1[[#This Row],[Employee ID]]) -> FALSE | AJ13: =ISNUMBER(Table1[[#This Row],[Total Salary ]]) -> TRUE | AK13: =IFERROR(_xlfn.XLOOKUP(Table1[[#This Row],[Manager ID]],MANAGERS!A:A,MANAGERS!B:B),"Not Found") -> Manager_19
... A5001: E03768 | B5001: Meera Joshi | C5001: Male | D5001: HR | E5001: Manager | F5001: 46004 | G5001: 34568 | H5001: 25573 | I5001: 5720 | J5001: 78 | K5001: 48 | L5001: Bangalore | M5001: 103 | N5001: =Table1[[#This Row],[Basic Salary]]+Table1[[#This Row],[Bonus]] -> 31293 | O5001: =Table1[[#This Row],[Bonus]]/Table1[[#This Row],[Basic Salary]] -> 0.22367341 | P5001: =DATEDIF(Table1[[#This Row],[Date of Birth]],TODAY(),"Y") -> 31 | Q5001: =DATEDIF(Table1[[#This Row],[Joining Date]],TODAY(),"Y") -> 0 | R5001: =IF(YEAR(Table1[[#This Row],[Joining Date]])=YEAR(TODAY()),"Yes","No") -> No | S5001: =IF(Table1[[#This Row],[Experience]]>5,"Yes","No") -> No | T5001: =TEXT(Table1[[#This Row],[Joining Date]],"mmmm") -> December | U5001: =TEXT(Table1[[#This Row],[Joining Date]],"yyyy") -> 2025 | V5001: =TODAY()-Table1[[#This Row],[Joining Date]] -> 235 | W5001: =LEFT(Table1[[#This Row],[Employee Name]],FIND(" ",Table1[[#This Row],[Employee Name]])-1) -> Meera | X5001: =RIGHT(Table1[[#This Row],[Employee Name]],LEN(Table1[[#This Row],[Employee Name]])-FIND(" ",Table1[[#This Row],[Employee Name]])) -> Joshi | Y5001: =Table1[[#This Row],[Department]]&"-"&Table1[[#This Row],[Employee ID]] -> HR-E03768 | Z5001: =LEFT(Table1[[#This Row],[Department]],3) -> HR | AA5001: =_xlfn.XLOOKUP(Table1[[#This Row],[Manager ID]],MANAGERS!A:A,MANAGERS!B:B) -> Manager_3 | AB5001: {=_xlfn.XLOOKUP(Table1[[#This Row],[Manager ID]],Table2[[#All],[Manager ID]],Table2[[#All],[Department Head]])} -> IT | AC5001: =_xlfn.XLOOKUP(Table1[[#This Row],[City]],L:L,O:O) -> 0.24036903 | AD5001: {=_xlfn.IFS(Table1[[#This Row],[Performance Score]]>=90,"Excellent",Table1[[#This Row],[Performance Score]]>=75,"Good",Table1[[#This Row],[Performance Score]]>=60,"Average",Table1[[#This Row],[Performance Score]]<=60,"Need Improvement")} -> Need Improvement | AE5001: =IF(AND(Table1[[#This Row],[Attendance %]]>=80,(Table1[[#This Row],[Performance Score]]>=80)),"Eligible","Not Eligible") -> Not Eligible | AF5001: =IF(Table1[[#This Row],[Performance Score]]>=80,"High Performer","Low Performer") -> Low Performer | AG5001: {=_xlfn.IFS(Table1[[#This Row],[Experience]]<=3,"Junior",Table1[[#This Row],[Experience]]<=7,"Mid Level",Table1[[#This Row],[Experience]]>=7,"Senior")} -> Junior | AH5001: =IF(Table1[[#This Row],[Attendance %]]>75,"OK","Below 75") -> OK | AI5001: =ISBLANK(Table1[[#This Row],[Employee ID]]) -> FALSE | AJ5001: =ISNUMBER(Table1[[#This Row],[Total Salary ]]) -> TRUE | AK5001: =IFERROR(_xlfn.XLOOKUP(Table1[[#This Row],[Manager ID]],MANAGERS!A:A,MANAGERS!B:B),"Not Found") -> Manager_3

Sheet ANSWERS
A1: Highest salary | B1: Lowest salary
A2: =MAX(EMPLOYEES!N2:N5001) -> 148902 | B2: =MIN(EMPLOYEES!N2:N5001) -> 31293
B14: 5) | C14: Row Labels | D14: Average of Total Salary
C15: Finance | D15: 88671.965
C16: HR | D16: 90276.767
C17: IT | D17: 90658.685
C18: Marketing | D18: 90699.376
C19: Operations | D19: 91192.572
C20: Sales | D20: 92058.726
C21: Support | D21: 89987.434
C22: Grand Total | D22: 90507.957

Sheet PIVOT TABLES
C3: Row Labels | D3: Count of Total Salary | I3: Row Labels | J3: Average of Total Salary | M3: Row Labels | N3: Count of Total Salary | Q3: Row Labels | R3: Count of Total Salary | W3: Row Labels | X3: Count of Experience
C4: Finance | D4: 721 | I4: Finance | J4: 88671.965 | M4: Bangalore | N4: 749 | Q4: Average | R4: 1219 | W4: Junior | X4: 1592 | AA4: Row Labels | AB4: Average of Attendance %
C5: HR | D5: 730 | I5: HR | J5: 90276.767 | M5: Chennai | N5: 705 | Q5: Excellent | R5: 888 | W5: Mid Level | X5: 1817 | AA5: Finance | AB5: 79.852982
C6: IT | D6: 737 | I6: IT | J6: 90658.685 | M6: Delhi | N6: 703 | Q6: Good | R6: 1273 | W6: Senior | X6: 1591 | AA6: HR | AB6: 79.987671
C7: Marketing | D7: 681 | I7: Marketing | J7: 90699.376 | M7: Hyderabad | N7: 665 | Q7: Need Improvement | R7: 1620 | W7: Grand Total | X7: 5000 | AA7: IT | AB7: 80.150611
C8: Operations | D8: 697 | I8: Operations | J8: 91192.572 | M8: Kolkata | N8: 737 | Q8: Grand Total | R8: 5000 | AA8: Marketing | AB8: 80.10279
C9: Sales | D9: 734 | I9: Sales | J9: 92058.726 | M9: Mumbai | N9: 720 | AA9: Operations | AB9: 79.638451
C10: Support | D10: 700 | I10: Support | J10: 89987.434 | M10: Pune | N10: 721 | AA10: Sales | AB10: 79.975477
C11: Grand Total | D11: 5000 | I11: Grand Total | J11: 90507.957 | M11: Grand Total | N11: 5000 | AA11: Support | AB11: 79.015714
AA12: Grand Total | AB12: 79.8214
G24: s

Sheet DASHBOARD
A1: EMPLOYEE PERFORMANCE & HR ANALYTICS DASHBOARD
AD12: =COUNTA(Table1[Employee ID]) -> 5000
AD13: =AVERAGE(Table1[[Total Salary ]]) -> 90507.957
AD14: =MAX(Table1[[Total Salary ]]) -> 148902
AD15: =MIN(Table1[[Total Salary ]]) -> 31293
AD16: =AVERAGE(EMPLOYEES!J:J) -> 79.8214

Sheet MANAGERS
A1: Manager ID | B1: Manager Name | C1: Department Head
A2: 101 | B2: Manager_1 | C2: Support
A3: 102 | B3: Manager_2 | C3: Sales
A4: 103 | B4: Manager_3 | C4: IT
A5: 104 | B5: Manager_4 | C5: Finance
A6: 105 | B6: Manager_5 | C6: Sales
A7: 106 | B7: Manager_6 | C7: HR
A8: 107 | B8: Manager_7 | C8: Operations
A9: 108 | B9: Manager_8 | C9: Sales
A10: 109 | B10: Manager_9 | C10: Sales
A11: 110 | B11: Manager_10 | C11: HR
A12: 111 | B12: Manager_11 | C12: Marketing
A13: 112 | B13: Manager_12 | C13: Marketing
... A21: 120 | B21: Manager_20 | C21: Operations

Sheet CITY_BONUS
A1: City | B1: Bonus %
A2: Hyderabad | B2: 5
A3: Bangalore | B3: 7
A4: Chennai | B4: 6
A5: Mumbai | B5: 8
A6: Delhi | B6: 4
A7: Pune | B7: 6
A8: Kolkata | B8: 5
